﻿{"cameraMode":{"drawMode":0,"name":"Shaded","section":"Shading Mode"},"sceneLighting":true,"audioPlay":false,"sceneViewState":{"showFog":true,"showMaterialUpdate":false,"showSkybox":true,"showFlares":true,"showImageEffects":true,"showParticleSystems":true},"in2DMode":false,"pivot":{"x":-0.8797760009765625,"y":0.5502796173095703,"z":0.3238792419433594},"rotation":{"x":-0.17482449114322663,"y":0.7997047305107117,"z":-0.5024909377098084,"w":-0.2782295346260071},"size":26.753406524658204,"orthographic":false}