﻿{"cameraMode":{"drawMode":0,"name":"Shaded","section":"Shading Mode"},"sceneLighting":true,"audioPlay":false,"sceneViewState":{"showFog":true,"showMaterialUpdate":false,"showSkybox":true,"showFlares":true,"showImageEffects":true,"showParticleSystems":true},"in2DMode":false,"pivot":{"x":19.65036964416504,"y":-2.0951623916625978,"z":-22.704057693481447},"rotation":{"x":-0.09892837703227997,"y":0.8622978329658508,"z":-0.18515591323375703,"w":-0.4608394503593445},"size":35.76587677001953,"orthographic":false}